snapshot,Load,Wind,Solar,Thermal,Storage_Discharge,Storage_Charge,Storage_Level,Load_Shedding
2022-01-01 00:00:00,2400.0,2248.703789826925,4.912085603936748,528.0,2514.789235339263,-2514.7892353392626,10851.301986361435,-0.0
2022-01-01 01:00:00,2400.0,2249.9045218634433,3.711353567418843,528.0,2514.7892353392626,-2514.7892353392626,10851.301986361435,-0.0
2022-01-01 02:00:00,2400.0,2110.4854390497285,2.221116968736354,528.0,2666.7949736482137,-2514.7892353392626,6139.124098783983,-0.0
2022-01-01 03:00:00,2400.0,2066.500508811547,3.535752439548883,528.0,2712.825496590359,-2514.7892353392626,-0.0,-0.0
2022-01-01 04:00:00,2400.0,2434.616051421508,2.579438189120516,528.0,2316.7529740881664,-2514.7892353392626,6139.124098783983,-0.0
2022-01-01 05:00:00,2400.0,2068.5175487938404,1.5187124572557777,528.0,2712.825496590359,-2514.7892353392626,-0.0,-0.0
2022-01-01 06:00:00,2400.0,2375.0610308230976,1.207851001160675,528.0,2382.4774700820935,-2514.7892353392626,4101.664722972242,-0.0
2022-01-01 07:00:00,2400.0,2455.1100923267463,0.34171030288259274,528.0,2297.059001036386,-2514.7892353392626,10851.301986361435,-0.0
2022-01-01 08:00:00,2400.0,2069.5094578674857,0.5268033836106639,528.0,2712.825496590359,-2514.7892353392626,4712.177887577465,-0.0
2022-01-01 09:00:00,2400.0,2077.037576348805,360.1579132618232,528.0,2316.752974088167,-2514.7892353392626,10851.301986361435,-0.0
2022-01-01 10:00:00,6880.0,2385.0213050254115,2470.9143191086714,1699.5754422737546,350.0419995600463,0.0,-0.0,-0.0
2022-01-01 11:00:00,6880.0,2064.6154202193115,4186.361737272862,629.0228425078258,-0.0,0.0,-0.0,-0.0
2022-01-01 12:00:00,6880.0,1498.3832615946635,5559.721547428361,528.0,2164.747235779216,-2514.7892353392626,10851.301986361435,-0.0
2022-01-01 13:00:00,6880.0,189.19074032690258,6403.515815691562,528.0,2666.7949736482137,-2514.7892353392626,6139.124098783983,-0.0
2022-01-01 14:00:00,6880.0,206.5095876211435,6343.526673629952,528.0,2712.825496590359,-2514.7892353392626,-0.0,-0.0
2022-01-01 15:00:00,6880.0,1144.2669763268605,5913.837832696164,528.0,2164.747235779216,-2514.7892353392626,10851.301986361435,-0.0
2022-01-01 16:00:00,6880.0,1948.4682869771,4436.386894513269,528.0,2704.8841111644824,-2354.842111604436,-0.0,-0.0
2022-01-01 17:00:00,2080.0,179.6708756453708,2078.4339333776543,528.0,2164.747235779216,-2514.7892353392626,10851.301986361435,-0.0
2022-01-01 18:00:00,2080.0,1774.267343841494,159.34853158936787,528.0,2514.789235339263,-2514.7892353392626,10851.301986361435,-0.0
2022-01-01 19:00:00,4960.0,2332.9553487444205,36.56062942022295,2590.4840218353565,-0.0,0.0,10851.301986361435,-0.0
2022-01-01 20:00:00,4960.0,2373.006084345183,8.901078792448647,2578.0928368623686,-0.0,0.0,10851.301986361435,-0.0
2022-01-01 21:00:00,4960.0,2186.770163801637,8.727850652792698,2640.0,134.30634902434772,0.0,6687.8051666066685,-0.0
2022-01-01 22:00:00,4960.0,2116.681376500302,3.331675453104899,2640.0,215.735650535699,0.0,-0.0,-0.0
2022-01-01 23:00:00,1760.0,1934.096831928798,4.007977094226934,528.0,2164.747235779216,-2514.7892353392626,10851.301986361435,-0.0
2022-02-01 00:00:00,2800.0,2447.672098572319,5.506688650818079,528.0,2712.825496590359,-2499.162356915345,4868.734075461034,-0.0
2022-02-01 01:00:00,2800.0,2509.7507387535015,3.654486599851155,528.0,2666.041285045314,-2514.7892353392626,633.6766836916026,-0.0
2022-02-01 02:00:00,2800.0,2330.16610108651,3.686013443271765,528.0,568.4769447928196,-545.8456346609767,-0.0,-0.0
2022-02-01 03:00:00,2800.0,2549.658436012832,3.15531157902274,528.0,1850.5188988323794,-1850.5188988323794,-0.0,-0.0
2022-02-01 04:00:00,2800.0,2540.7900588440925,3.002931835822511,528.0,528.8130195062984,-706.3764655996092,4971.776490612685,-0.0
2022-02-01 05:00:00,2800.0,2485.362701539465,3.651859362899008,528.0,2692.352681432573,-2514.7892353392626,-0.0,-0.0
2022-02-01 06:00:00,2800.0,2556.309718889387,1.3346363714764264,528.0,1882.3518516739102,-1882.3518516739102,-0.0,-0.0
2022-02-01 07:00:00,2800.0,2596.217416148719,0.7750349007589382,528.0,1259.1548577178912,-1383.2962868507238,3475.96001571932,-0.0
2022-02-01 08:00:00,2800.0,2534.1387759675367,4.397994657189482,528.0,2638.9306644720955,-2514.7892353392626,-0.0,-0.0
2022-02-01 09:00:00,2800.0,2294.0752139087276,718.7962665706003,528.0,2127.2427358263544,-2514.7892353392626,10851.301986361435,-0.0
2022-02-01 10:00:00,8000.0,2305.7780638724744,2126.2622735863565,2640.0,387.5464995129084,0.0,-0.0,568.7040574927023
2022-02-01 11:00:00,8000.0,2217.0942921850715,3895.611780043746,1887.293927771183,-0.0,0.0,-0.0,-0.0
2022-02-01 12:00:00,8000.0,2166.101123464815,4681.389452698609,1152.5094238365764,-0.0,0.0,-0.0,-0.0
2022-02-01 13:00:00,8000.0,2186.0549720944805,5059.419950445552,754.5250774599681,-0.0,0.0,-0.0,-0.0
2022-02-01 14:00:00,8000.0,2241.4823293991076,5306.377596670871,528.0,-0.0,-70.32215146687001,1969.0202410723602,-0.0
2022-02-01 15:00:00,8000.0,2352.337044008361,4909.696343803622,737.9666121880173,-0.0,0.0,1969.0202410723602,-0.0
2022-02-01 16:00:00,8000.0,2607.302887609644,4055.1533711742763,1272.3551068062907,70.32215146687001,0.0,-0.0,-0.0
2022-02-01 17:00:00,2880.0,-0.0,3021.9346406949776,528.0,2203.7657560899474,-2514.7892353392626,8708.657418980825,-0.0
2022-02-01 18:00:00,2880.0,1875.574865269558,928.9778499456546,528.0,2438.26621507567,-2514.7892353392626,10851.301986361435,-0.0
2022-02-01 19:00:00,4960.0,2503.0994558769457,63.50819883407881,2393.3923452889753,-0.0,0.0,10851.301986361435,-0.0
2022-02-01 20:00:00,4960.0,2276.955838074068,4.920814810582803,2640.0,41.125509293796114,0.0,9699.787726135144,-0.0
2022-02-01 21:00:00,4960.0,2310.2122524568445,9.75755803871089,2640.0,0.03256688721106444,0.0,9698.875853293235,-0.0
2022-02-01 22:00:00,4960.0,2554.0926245972028,4.981241260472612,2079.824065713652,346.38842333190127,0.0,-0.0,-0.0
2022-02-01 23:00:00,2800.0,2649.309834066983,4.3060413638790624,528.0,2514.7892353392626,-2514.7892353392626,-0.0,-0.0
2022-03-01 00:00:00,2560.0,2732.2506470979465,5.854161925078838,528.0,2164.747235779216,-2514.7892353392626,10851.301986361435,-0.0
2022-03-01 01:00:00,2560.0,2225.589281337194,4.446979913902203,528.0,2712.825496590359,-2514.7892353392626,4712.177887577465,-0.0
2022-03-01 02:00:00,2560.0,2452.8714401576203,3.4147300406107526,528.0,2468.758712397117,-2514.7892353392626,6139.124098783983,-0.0
2022-03-01 03:00:00,2560.0,2227.169691488026,2.866569763070354,528.0,2712.825496590359,-2514.7892353392626,-0.0,-0.0
2022-03-01 04:00:00,2560.0,2518.483688389851,3.177431219164721,528.0,2398.2355738741567,-2514.7892353392626,3613.163505418285,-0.0
2022-03-01 05:00:00,2560.0,2627.3282554100256,2.731309434845947,528.0,2281.3008972443226,-2514.7892353392626,10851.301986361435,-0.0
2022-03-01 06:00:00,2560.0,2412.526673840424,1.0892015904380268,528.0,2514.789235339263,-2514.7892353392626,10851.301986361435,-0.0
2022-03-01 07:00:00,2560.0,2272.0373733419865,0.6691826764784106,528.0,2666.7949736482137,-2514.7892353392626,6139.124098783983,-0.0
2022-03-01 08:00:00,2560.0,1854.3471401256159,375.6891211254803,528.0,2712.825496590359,-2514.7892353392626,-0.0,-0.0
2022-03-01 09:00:00,2560.0,862.3027122665342,1875.802096756491,528.0,2164.747235779216,-2514.7892353392626,10851.301986361435,-0.0
2022-03-01 10:00:00,8000.0,2248.848803982819,3352.3584183825333,2398.792777634648,-0.0,0.0,10851.301986361435,-0.0
2022-03-01 11:00:00,8000.0,2210.800605162095,4735.57562158091,729.1348396648327,350.0419995600463,0.0,-0.0,-0.0
2022-03-01 12:00:00,8000.0,2315.3010546851656,5538.314820745696,528.0,2514.7892353392626,-2514.7892353392626,-0.0,-0.0
2022-03-01 13:00:00,8000.0,2167.0842108098414,5686.53166462102,528.0,2514.7892353392626,-2514.7892353392626,-0.0,-0.0
2022-03-01 14:00:00,8000.0,2562.793639682666,5615.311169340359,528.0,2164.747235779216,-2514.7892353392626,10851.301986361435,-0.0
2022-03-01 15:00:00,8000.0,2365.2044969027893,5304.831764348306,528.0,2712.825496590359,-2514.7892353392626,4712.177887577513,-0.0
2022-03-01 16:00:00,8000.0,2751.630610393616,4961.075945624848,528.0,2666.7949736482146,-2514.7892353392626,-0.0,-0.0
2022-03-01 17:00:00,2720.0,-0.0,2898.104809023025,528.0,2164.747235779216,-2514.7892353392626,10851.301986361435,-0.0
2022-03-01 18:00:00,2720.0,877.7717129063451,1695.8441625245168,528.0,2514.789235339263,-2514.7892353392626,10851.301986361435,-0.0
2022-03-01 19:00:00,4960.0,2991.7899493769646,249.28003894106516,1718.9300116819704,-0.0,0.0,10851.301986361435,-0.0
2022-03-01 20:00:00,4960.0,2965.756971236469,11.250337124765903,1982.9926916387653,-0.0,0.0,10851.301986361435,-0.0
2022-03-01 21:00:00,4960.0,2673.3866013509028,7.8617099545136915,2278.7516886945837,-0.0,0.0,10851.301986361435,-0.0
2022-03-01 22:00:00,4960.0,2399.039062485679,9.39466034105648,2227.0773435811016,350.0419995600463,0.0,-0.0,-0.0
2022-03-01 23:00:00,2800.0,2825.5793966338,8.14409555203477,528.0,2320.498386628397,-2514.7892353392626,6023.016310036837,-0.0
2022-04-01 00:00:00,2560.0,2383.819782957389,8.239015080613623,528.0,2538.0439035084746,-2514.7892353392626,5325.376264960485,-0.0
2022-04-01 01:00:00,2560.0,2104.4659021420694,4.536362469980225,528.0,1769.3315712600292,-1591.8190290946798,-0.0,-0.0
2022-04-01 02:00:00,2560.0,2315.5332787580887,4.987546629157175,528.0,1901.3073421954564,-1901.3073421954564,-0.0,-0.0
2022-04-01 03:00:00,2560.0,2501.769199301635,2.586952651799323,528.0,2416.903284397976,-2514.7892353392626,2936.5785282385923,-0.0
2022-04-01 04:00:00,2560.0,2350.711174860758,2.089178824012005,528.0,2580.393897417032,-2514.7892353392626,968.4386659055144,-0.0
2022-04-01 05:00:00,2560.0,2218.276742474237,2.1014392631203056,528.0,1470.8636700815907,-1438.5823812180736,-0.0,-0.0
2022-04-01 06:00:00,2560.0,2394.1662229875856,0.23049625523145256,528.0,2388.137986778309,-2388.137986778309,-0.0,-0.0
2022-04-01 07:00:00,2560.0,2272.3780689938794,141.23780643698288,528.0,2514.7892353392626,-2514.7892353392626,-0.0,-0.0
2022-04-01 08:00:00,2560.0,1715.92761811146,1032.9934886979704,528.0,2153.0791691272148,-2514.7892353392626,10851.301986361435,-0.0
2022-04-01 09:00:00,5280.0,2116.8816301783068,2504.177523205684,528.0,1708.4395603856321,-1346.7294941735843,-0.0,-0.0
2022-04-01 10:00:00,5280.0,1158.499526499625,3975.1163489312366,528.0,2514.7892353392626,-2514.7892353392626,-0.0,-0.0
2022-04-01 11:00:00,6880.0,1957.1835857511114,5111.737521058319,528.0,2153.0791691272148,-2514.7892353392626,10851.301986361435,-0.0
2022-04-01 12:00:00,6880.0,873.9286592585668,5676.107601992529,528.0,2712.825496590359,-2514.7892353392626,4910.21414882856,-0.0
2022-04-01 13:00:00,6880.0,1037.8073551187088,5879.38813449192,528.0,2316.752974088166,-2514.7892353392626,10851.301986361435,-0.0
2022-04-01 14:00:00,6880.0,767.9592319598169,5782.077029291278,528.0,2712.825496590359,-2514.7892353392626,4910.214148828604,-0.0
2022-04-01 15:00:00,6880.0,1218.605307993755,5363.284950238303,528.0,2678.463040300216,-2514.7892353392626,-0.0,-0.0
2022-04-01 16:00:00,6240.0,1306.6206050276232,4786.9952704032385,528.0,2514.7892353392626,-2514.7892353392626,-0.0,-0.0
2022-04-01 17:00:00,1920.0,-0.0,2108.9211068094305,528.0,2153.0791691272148,-2514.7892353392626,10851.301986361435,-0.0
2022-04-01 18:00:00,1920.0,-0.0,1773.6158754308622,528.0,2514.7892353392626,-2514.7892353392626,10851.301986361435,-0.0
2022-04-01 19:00:00,1920.0,948.7564457920499,641.2798154590463,528.0,2712.825496590359,-2514.7892353392626,4910.214148828563,-0.0
2022-04-01 20:00:00,1920.0,1533.382148311004,88.50810992105569,528.0,2678.4630403002147,-2514.7892353392626,-0.0,-0.0
2022-04-01 21:00:00,1920.0,1921.3925553272832,35.802934283345095,528.0,2316.752974088167,-2514.7892353392626,5941.087837532887,-0.0
2022-04-01 22:00:00,1920.0,1562.4110398528246,27.625221398271503,528.0,2712.825496590359,-2514.7892353392626,-0.0,-0.0
2022-04-01 23:00:00,1920.0,1758.312395336187,15.303480094675239,528.0,2514.7892353392626,-2514.7892353392626,-0.0,-0.0
2022-05-01 00:00:00,2560.0,2732.9435596565695,5.16124936645578,528.0,2164.747235779216,-2514.7892353392626,10851.301986361435,-0.0
2022-05-01 01:00:00,2560.0,2267.986682459899,4.719873558565764,528.0,2666.7949736482137,-2514.7892353392626,6139.124098783983,-0.0
2022-05-01 02:00:00,2560.0,2225.717422700775,4.318838550321301,528.0,2712.825496590359,-2514.7892353392626,-0.0,-0.0
2022-05-01 03:00:00,2560.0,2733.055090102649,5.049718920375902,528.0,2164.747235779216,-2514.7892353392626,10851.301986361435,-0.0
2022-05-01 04:00:00,2560.0,2227.027312195158,3.008949055938267,528.0,2712.825496590359,-2514.7892353392626,4712.177887577484,-0.0
2022-05-01 05:00:00,2560.0,2269.7094719035986,2.997084114866002,528.0,2666.7949736482137,-2514.7892353392626,-0.0,-0.0
2022-05-01 06:00:00,2560.0,2734.3293847738155,3.775424249209662,528.0,2164.747235779216,-2514.7892353392626,10851.301986361435,-0.0
2022-05-01 07:00:00,2560.0,1823.099631317575,406.9366299335213,528.0,2712.825496590359,-2514.7892353392626,4712.177887577465,-0.0
2022-05-01 08:00:00,2560.0,1178.0797207038638,1419.1157689067634,528.0,2316.752974088168,-2514.7892353392626,10851.301986361435,-0.0
2022-05-01 09:00:00,6400.0,2152.7270385409893,2750.255372750547,1172.5286551163017,350.0419995600463,0.0,-0.0,-0.0
2022-05-01 10:00:00,6400.0,2324.9452016242676,4126.878041700932,528.0,2300.97330449316,-2514.7892353392626,6628.293856229183,-0.0
2022-05-01 11:00:00,8000.0,2310.927444164001,5212.588966475722,528.0,1430.4911393660193,-1277.0182329632855,1870.6337577445347,-0.0
2022-05-01 12:00:00,8000.0,2144.7168914208364,5652.96100035102,528.0,2575.1322597826347,-2514.7892353392626,-0.0,-0.0
2022-05-01 13:00:00,8000.0,1994.5266329179765,5883.613081808556,528.0,2488.3341767678817,-2514.7892353392626,820.1068157127957,-0.0
2022-05-01 14:00:00,8000.0,1814.298322714545,5930.567399608124,528.0,1986.2059924539913,-1959.7509338826108,-0.0,-0.0
2022-05-01 15:00:00,6240.0,484.5129431920599,5792.682546418569,528.0,2316.7529740881664,-2514.7892353392626,6139.124098783983,-0.0
2022-05-01 16:00:00,6240.0,1081.579507967911,4828.456753283184,528.0,2712.825496590359,-2514.7892353392626,-0.0,-0.0
2022-05-01 17:00:00,2400.0,-0.0,2578.104809023025,528.0,2164.747235779216,-2514.7892353392626,10851.301986361435,-0.0
2022-05-01 18:00:00,2400.0,156.9265437193486,2096.689331711513,528.0,2514.789235339263,-2514.7892353392626,10851.301986361435,-0.0
2022-05-01 19:00:00,2400.0,1158.0889921634382,954.6175638550264,528.0,2666.7949736482137,-2514.7892353392626,6139.124098783983,-0.0
2022-05-01 20:00:00,2400.0,1899.430273572319,170.60598767877727,528.0,2712.825496590359,-2514.7892353392626,-0.0,-0.0
2022-05-01 21:00:00,2400.0,2558.5466401594263,19.558168863599104,528.0,2164.747235779216,-2514.7892353392626,10851.301986361435,-0.0
2022-05-01 22:00:00,2400.0,2066.047268062585,3.988993188511164,528.0,2712.825496590359,-2514.7892353392626,4712.177887577465,-0.0
2022-05-01 23:00:00,2400.0,2286.1521930795034,4.212054080670183,528.0,2475.146978889089,-2514.7892353392626,5941.087837532887,-0.0
2022-06-01 00:00:00,1920.0,1580.2548829306897,9.781378320406576,528.0,2712.825496590359,-2514.7892353392626,-0.0,-0.0
2022-06-01 01:00:00,1920.0,1767.897606630865,5.718268799997068,528.0,2514.7892353392626,-2514.7892353392626,-0.0,-0.0
2022-06-01 02:00:00,1920.0,1770.886701685409,2.729173745453263,528.0,2514.7892353392626,-2514.7892353392626,-0.0,-0.0
2022-06-01 03:00:00,1920.0,2106.5499378859326,2.3711689234977826,528.0,2153.0791691272148,-2514.7892353392626,10851.301986361435,-0.0
2022-06-01 04:00:00,1920.0,1587.8759718802573,2.1602893708389748,528.0,2712.825496590359,-2514.7892353392626,4910.21414882856,-0.0
2022-06-01 05:00:00,1920.0,1952.9092400984523,4.286249512175883,528.0,2316.752974088167,-2514.7892353392626,10851.301986361435,-0.0
2022-06-01 06:00:00,1920.0,1747.8150073718696,25.800868058992773,528.0,2514.789235339262,-2514.7892353392626,10851.301986361435,-0.0
2022-06-01 07:00:00,4800.0,2714.905863923693,444.0829128450743,1641.011223231233,-0.0,0.0,10851.301986361435,-0.0
2022-06-01 08:00:00,4800.0,2183.0988463715676,1448.6003056706738,832.99561657919,361.7100662120478,0.0,-0.0,-0.0
2022-06-01 09:00:00,4800.0,2112.7430541662275,2763.2332452954424,528.0,1408.7904641960345,-1770.5005304080823,10851.301986361435,-0.0
2022-06-01 10:00:00,7200.0,1833.3891733509083,3741.3367481066466,1339.921050569692,307.8241941453645,0.0,1616.5761620005,-0.0
2022-06-01 11:00:00,7200.0,1808.5577172784356,4813.4900793157485,528.0,53.88587206668333,0.0,-0.0,-0.0
2022-06-01 12:00:00,7200.0,1566.451020571826,5462.425312953865,528.0,1108.2334074337282,-1283.1614669549335,5247.84178563616,-0.0
2022-06-01 13:00:00,7200.0,1551.9660045295502,5290.992497081562,528.0,-0.0,-158.4785309935009,10002.197715441187,-0.0
2022-06-01 14:00:00,7200.0,1551.9660045295502,5150.566331713531,528.0,-0.0,-28.303475697336594,10851.301986361435,-0.0
2022-06-01 15:00:00,7200.0,1603.6982046805351,4868.895003645053,727.4067916744116,-0.0,0.0,10851.301986361435,-0.0
2022-06-01 16:00:00,7200.0,1715.4397570066628,3712.5296203783582,1436.7253912364104,361.7100662120478,0.0,-0.0,-0.0
2022-06-01 17:00:00,2080.0,-0.0,2268.921106809431,528.0,2153.0791691272143,-2514.7892353392626,10851.301986361435,-0.0
2022-06-01 18:00:00,2080.0,-0.0,1933.6158754308624,528.0,2514.789235339262,-2514.7892353392626,10851.301986361435,-0.0
2022-06-01 19:00:00,4960.0,2735.598743984087,974.474412835219,1249.926843180694,-0.0,0.0,10851.301986361435,-0.0
2022-06-01 20:00:00,4960.0,2878.3796164008054,283.70165678477235,1797.9187268144224,-0.0,0.0,10851.301986361435,-0.0
2022-06-01 21:00:00,4960.0,2836.993856280018,34.0276227004981,1753.6732896409158,361.7100662120478,0.0,-0.0,-0.0
2022-06-01 22:00:00,4960.0,2971.497576672579,16.78699322675026,1971.7154301006708,-0.0,0.0,-0.0,-0.0
2022-06-01 23:00:00,2240.0,2422.580007702744,6.341099106686557,528.0,2153.0791691272148,-2514.7892353392626,10851.301986361435,-0.0
2022-07-01 00:00:00,1680.0,1388.9501156749707,3.756440343493891,528.0,2666.7949736482137,-2514.7892353392626,6139.124098783983,-0.0
2022-07-01 01:00:00,1680.0,1345.888277852216,4.1479833988801005,528.0,2712.825496590359,-2514.7892353392626,-0.0,-0.0
2022-07-01 02:00:00,1680.0,1529.138046670172,4.4778287606902385,528.0,2514.7892353392626,-2514.7892353392626,-0.0,-0.0
2022-07-01 03:00:00,1680.0,1855.0412812381544,3.063527784870832,528.0,2164.747235779216,-2514.7892353392626,10851.301986361435,-0.0
2022-07-01 04:00:00,1680.0,1532.5409117697106,1.074963661151015,528.0,2514.789235339263,-2514.7892353392626,10851.301986361435,-0.0
2022-07-01 05:00:00,1680.0,1325.6793483852416,0.03322183500247429,528.0,2354.4136683953207,-2184.2474958426487,5576.150637228615,-0.0
2022-07-01 06:00:00,1680.0,1333.6894955053938,1.877033677639204,528.0,-0.0,-170.1661725526716,10851.301986361435,-0.0
2022-07-01 07:00:00,4800.0,1283.626076004441,343.048668235549,2640.0,273.7912661249922,0.0,2363.772736486676,279.5207520621425
2022-07-01 08:00:00,4800.0,1095.3876186808568,1220.3685139926754,2640.0,-0.0,-144.38593498836434,6839.736721125971,-0.0
2022-07-01 09:00:00,6080.0,931.1796027177301,2304.290205653761,2640.0,220.6366684234184,0.0,-0.0,-0.0
2022-07-01 10:00:00,6080.0,1085.3749347806656,3367.903864175477,1626.721201043858,-0.0,0.0,-0.0,-0.0
2022-07-01 11:00:00,6400.0,1261.5981714240213,4023.6459354071726,1114.7558931688063,-0.0,0.0,-0.0,-0.0
2022-07-01 12:00:00,6400.0,1153.4611853019624,4747.469038511796,528.0,190.64567306234852,-190.64567306234852,-0.0,-0.0
2022-07-01 13:00:00,6400.0,1469.861996547987,4674.473548046716,528.0,1794.648860385506,-1794.648860385506,-0.0,-0.0
2022-07-01 14:00:00,6400.0,1539.950783849321,4622.756642900721,528.0,1915.7167049163586,-1915.7167049163586,-0.0,-0.0
2022-07-01 15:00:00,6400.0,1734.19685151302,4495.972628578422,528.0,15.235027044054773,-345.11500859950706,10226.279428218983,-0.0
2022-07-01 16:00:00,6400.0,1475.8696068881009,4090.331650209996,528.0,329.879981555451,0.0,-0.0,-0.0
2022-07-01 17:00:00,2240.0,-0.0,2396.6525590213614,528.0,2187.888821541529,-2514.7892353392626,10133.91282772974,-0.0
2022-07-01 18:00:00,2240.0,-0.0,2115.068125432525,528.0,2491.647649576951,-2514.7892353392626,10851.301986361435,-0.0
2022-07-01 19:00:00,4960.0,1672.118211331838,881.7003820010239,2406.181406667138,-0.0,0.0,10851.301986361435,-0.0
2022-07-01 20:00:00,4960.0,1816.3008594945832,220.95842460145587,2640.0,305.00616602369035,0.0,1396.1108396270338,-0.0
2022-07-01 21:00:00,4960.0,2707.4297266115504,35.540244488003765,2175.281811212244,45.03583353635593,0.0,-0.0,-0.0
2022-07-01 22:00:00,4960.0,2843.6022276541435,16.67498818302699,2099.7227841628296,-0.0,0.0,-0.0,-0.0
2022-07-01 23:00:00,1760.0,1604.847683978424,8.768191452438252,528.0,2514.7892353392626,-2514.7892353392626,-0.0,-0.0
2022-08-01 00:00:00,1920.0,2094.2605681155965,3.844240907428503,528.0,2164.747235779216,-2514.7892353392626,10851.301986361435,-0.0
2022-08-01 01:00:00,1920.0,1630.224410346137,2.482145672327651,528.0,2666.7949736482137,-2514.7892353392626,6139.124098783983,-0.0
2022-08-01 02:00:00,1920.0,1587.499536849836,2.5367244012602157,528.0,2712.825496590359,-2514.7892353392626,-0.0,-0.0
2022-08-01 03:00:00,1920.0,2095.3687536117504,2.7360554112747058,528.0,2164.747235779216,-2514.7892353392626,10851.301986361435,-0.0
2022-08-01 04:00:00,1920.0,1588.6077223459906,1.4285389051056825,528.0,2712.825496590359,-2514.7892353392626,4712.177887577465,-0.0
2022-08-01 05:00:00,1920.0,1900.4074042561845,0.36306719681275473,528.0,2377.621386340196,-2514.7892353392626,8964.381206548544,-0.0
2022-08-01 06:00:00,1920.0,1830.0408935884927,-0.0,528.0,2453.920823087234,-2514.7892353392626,10851.301986361435,-0.0
2022-08-01 07:00:00,1920.0,1596.0218136903886,162.05611114206928,528.0,2412.3965587767802,-2412.3965587767807,10851.301986361435,-0.0
2022-08-01 08:00:00,4800.0,1557.9736148696647,1073.1340872381384,2168.892297892197,-0.0,0.0,10851.301986361435,-0.0
2022-08-01 09:00:00,4800.0,1485.8822907882918,2317.4626632322415,996.6550459794666,-0.0,0.0,10851.301986361435,-0.0
2022-08-01 10:00:00,6560.0,1836.3262272949644,3504.8276571381743,894.3571819746985,350.0419995600463,0.0,-0.0,-0.0
2022-08-01 11:00:00,6560.0,1827.8208969586076,4585.794978472254,528.0,2514.7892353392626,-2514.7892353392626,-0.0,-0.0
2022-08-01 12:00:00,6560.0,1542.946534733127,5054.248954877501,528.0,2316.752974088167,-2514.7892353392626,6139.124098783983,-0.0
2022-08-01 13:00:00,6560.0,1258.2984795786679,4971.737781672427,528.0,2712.825496590359,-2514.7892353392626,-0.0,-0.0
2022-08-01 14:00:00,6560.0,1728.3636210959812,5009.741187927043,528.0,2164.747235779216,-2514.7892353392626,10851.301986361435,-0.0
2022-08-01 15:00:00,6560.0,1778.9681885874686,4634.647686843393,528.0,2514.789235339263,-2514.7892353392626,10851.301986361435,-0.0
2022-08-01 16:00:00,6560.0,1582.0040562301217,3956.383584468234,697.123425709482,350.0419995600463,0.0,-0.0,-0.0
2022-08-01 17:00:00,4800.0,1844.3363744151172,2948.967032841418,528.0,946.9347553281202,-1296.9767548881664,10851.301986361435,-0.0
2022-08-01 18:00:00,4800.0,1884.3871100158797,1665.2634634047388,1250.3494265793815,-0.0,0.0,10851.301986361435,-0.0
2022-08-01 19:00:00,4960.0,2084.6407880196925,560.3882858099508,2314.9709261703565,-0.0,0.0,10851.301986361435,-0.0
2022-08-01 20:00:00,4960.0,2210.800605162095,57.15342114532752,2640.0,56.14452394021297,0.0,9110.821744214834,-0.0
2022-08-01 21:00:00,4960.0,2557.2394681086907,30.67561864835608,2372.084913242953,-0.0,0.0,9110.821744214834,-0.0
2022-08-01 22:00:00,4960.0,2617.3155715098346,5.177860283956803,2065.063608306623,293.89747561983336,0.0,-0.0,-0.0
2022-08-01 23:00:00,3040.0,2593.285130149377,4.90259365107923,528.0,567.9636880595357,-567.9636880595357,-0.0,-0.0
2022-09-01 00:00:00,2400.0,2195.514574407804,5.5784997941652295,528.0,6.895568212077119,-310.99484152134164,9122.978199277937,-0.0
2022-09-01 01:00:00,2400.0,1928.5764216287207,5.571143530700396,528.0,-0.0,-57.61079290278326,10851.301986361435,-0.0
2022-09-01 02:00:00,2400.0,1750.6176531093324,4.232303580100682,645.1500433105668,-0.0,0.0,10851.301986361435,-0.0
2022-09-01 03:00:00,2400.0,1659.5689808435989,3.7320776644919973,736.6989414919092,-0.0,0.0,10851.301986361435,-0.0
2022-09-01 04:00:00,2400.0,1696.816164952308,1.5448153276150545,528.0,187.3128583819599,0.0,5231.916234902638,-0.0
2022-09-01 05:00:00,2400.0,1690.6083009341899,-0.0,709.3916990658101,-0.0,0.0,5231.916234902638,-0.0
2022-09-01 06:00:00,2400.0,1777.5183971878446,-0.0,576.3905592174037,49.72065112702452,0.0,3740.296701091903,-0.0
2022-09-01 07:00:00,2400.0,1533.3424124751955,6.647610084387466,860.0099774404171,-0.0,0.0,3740.296701091903,-0.0
2022-09-01 08:00:00,2400.0,1585.0746126261804,542.6249661321631,528.0,-0.0,-237.03350950898442,10851.301986361435,-0.0
2022-09-01 09:00:00,6080.0,1522.9959724449984,1584.2596123134922,2640.0,358.94758925729167,0.0,82.87430864268572,-0.0
2022-09-01 10:00:00,6080.0,1313.9978838350187,2810.0950956542533,1955.9070205107282,-0.0,0.0,82.87430864268572,-0.0
2022-09-01 11:00:00,7680.0,1580.936036614102,3560.156883143438,2536.346264105401,2.7624769547561905,0.0,-0.0,-0.0
2022-09-01 12:00:00,7680.0,1431.9473001792646,4376.898294765696,1871.1544050550392,-0.0,0.0,-0.0,-0.0
2022-09-01 13:00:00,7680.0,1361.5915079739252,4263.768771027842,2054.6397209982324,-0.0,0.0,-0.0,-0.0
2022-09-01 14:00:00,7680.0,1436.0858761913437,3959.6142497230107,2284.2998740856456,-0.0,0.0,-0.0,-0.0
2022-09-01 15:00:00,7680.0,1500.2338043785649,3910.8912647075963,2268.8749309138384,-0.0,0.0,-0.0,-0.0
2022-09-01 16:00:00,5920.0,1632.668236765087,2935.4262083924455,1351.9055548424676,-0.0,0.0,-0.0,-0.0
2022-09-01 17:00:00,4800.0,1845.8049013871448,1986.4167275846576,967.7783710281974,-0.0,0.0,-0.0,-0.0
2022-09-01 18:00:00,4800.0,2069.2880060394,794.8884049560587,1935.8235890045412,-0.0,0.0,-0.0,-0.0
2022-09-01 19:00:00,2240.0,2226.553894498394,84.86430741814169,528.0,1378.7533106651767,-1740.4633768772246,10851.301986361435,-0.0
2022-09-01 20:00:00,4960.0,2342.434022836601,42.121964599636414,2575.4440125637625,-0.0,0.0,10851.301986361435,-0.0
2022-09-01 21:00:00,4960.0,2414.85910304798,16.492742688156916,2193.3429228852947,361.7100662120478,0.0,-0.0,-0.0
2022-09-01 22:00:00,4960.0,2522.462079362029,6.149836256600883,2431.3880843813704,-0.0,0.0,-0.0,-0.0
2022-09-01 23:00:00,2400.0,2583.4750197576323,5.446087051798225,528.0,2153.0791691272148,-2514.7892353392626,10851.301986361435,-0.0
2022-10-01 00:00:00,2560.0,2360.9908636649543,8.23426910418413,528.0,2562.67568912753,-2514.7892353392626,9366.821918925154,-0.0
2022-10-01 01:00:00,2560.0,2379.013694685297,5.393802211473052,528.0,2546.297734297291,-2514.7892353392626,8390.058451226287,-0.0
2022-10-01 02:00:00,2560.0,2350.9781797647634,3.1892961602369856,528.0,2578.9191161438603,-2514.7892353392626,6402.032146283775,-0.0
2022-10-01 03:00:00,2560.0,2308.924907383963,0.9990280382886674,528.0,1908.8898695461908,-1897.999910843686,6064.443426506128,-0.0
2022-10-01 04:00:00,2560.0,2336.960422304497,-0.0,528.0,2597.4812020343707,-2514.7892353392626,3500.9924589578086,-0.0
2022-10-01 05:00:00,2560.0,2308.924907383963,-0.0,528.0,2627.724475950805,-2514.7892353392626,-0.0,-0.0
2022-10-01 06:00:00,2560.0,2342.9680326446114,-0.0,528.0,2049.2309449819427,-2049.2309449819427,-0.0,-0.0
2022-10-01 07:00:00,2560.0,2270.8767085632385,-0.0,528.0,634.977591245184,-767.0933673452549,4095.5890591021976,-0.0
2022-10-01 08:00:00,2560.0,2166.7447960012555,448.88868857700334,528.0,2296.863011879288,-2514.7892353392626,10851.301986361435,-0.0
2022-10-01 09:00:00,6080.0,2208.7980683820565,2158.785687307567,1387.9273107182134,350.0419995600463,0.0,-0.0,-0.0
2022-10-01 10:00:00,6080.0,1848.341447975193,3605.1243770106444,626.5341750141624,-0.0,0.0,-0.0,-0.0
2022-10-01 11:00:00,7040.0,1634.0700125111136,4824.935238772922,580.9947487159643,-0.0,0.0,-0.0,-0.0
2022-10-01 12:00:00,7040.0,1321.2296899019148,5572.386185528947,528.0,2514.7892353392626,-2514.7892353392626,-0.0,-0.0
2022-10-01 13:00:00,7040.0,1014.1531500094006,5879.462725421461,528.0,2514.7892353392626,-2514.7892353392626,-0.0,-0.0
2022-10-01 14:00:00,7040.0,1577.1273991550397,5640.9774098679845,528.0,2164.747235779216,-2514.7892353392626,10851.301986361435,-0.0
2022-10-01 15:00:00,7040.0,1787.991225777726,4922.045035473369,528.0,2712.825496590359,-2514.7892353392626,4712.177887577465,-0.0
2022-10-01 16:00:00,5280.0,1407.0638184304814,3910.1316711801464,528.0,2316.752974088167,-2514.7892353392626,10851.301986361435,-0.0
2022-10-01 17:00:00,5280.0,1908.4175513763373,2209.5676350970634,951.2173723717533,227.39745539897032,0.0,3801.980868993355,-0.0
2022-10-01 18:00:00,2720.0,1888.3921835759559,548.9125148048104,528.0,-0.0,-227.39745539897032,10851.301986361435,-0.0
2022-10-01 19:00:00,2720.0,1954.4758973172138,20.89653421655616,744.6275684662301,-0.0,0.0,10851.301986361435,-0.0
2022-10-01 20:00:00,2720.0,2098.6585454799592,22.130488088076113,599.2109664319646,-0.0,0.0,10851.301986361435,-0.0
2022-10-01 21:00:00,2720.0,1870.3693525556123,5.882637783652126,528.0,340.61273965559394,0.0,292.3070570380223,-0.0
2022-10-01 22:00:00,2720.0,2026.5672213985868,7.016926150165201,677.6749285198209,9.429259904452334,0.0,-0.0,-0.0
2022-10-01 23:00:00,2720.0,2094.653471919883,6.772508364075664,618.5740197160412,-0.0,0.0,-0.0,-0.0
2022-11-01 00:00:00,2560.0,2745.3974566097754,3.523650199655291,528.0,2153.0791691272148,-2514.7892353392626,10851.301986361435,-0.0
2022-11-01 01:00:00,2560.0,2226.4390484167925,3.5972128343036265,528.0,2712.825496590359,-2514.7892353392626,4910.21414882856,-0.0
2022-11-01 02:00:00,2560.0,2594.821868599309,2.3736210113191487,528.0,2316.752974088167,-2514.7892353392626,10851.301986361435,-0.0
2022-11-01 03:00:00,2560.0,2260.014411048527,1.8758471835325663,528.0,2678.4630403002147,-2514.7892353392626,5941.087837532887,-0.0
2022-11-01 04:00:00,2560.0,2229.9577944408047,0.07846681029155832,528.0,2712.825496590359,-2514.7892353392626,-0.0,-0.0
2022-11-01 05:00:00,2560.0,2413.615875430862,-0.0,528.0,2514.7892353392626,-2514.7892353392626,-0.0,-0.0
2022-11-01 06:00:00,2560.0,2413.615875430862,-0.0,528.0,2514.7892353392626,-2514.7892353392626,-0.0,-0.0
2022-11-01 07:00:00,2560.0,2748.9211068094305,-0.0,528.0,2153.0791691272148,-2514.7892353392626,10851.301986361435,-0.0
2022-11-01 08:00:00,2560.0,2375.7164060600403,37.89946937082193,528.0,2514.7892353392626,-2514.7892353392626,10851.301986361435,-0.0
2022-11-01 09:00:00,6080.0,2917.696088515554,1246.4134043397225,1580.585275766155,361.7100662120478,0.0,-0.0,-0.0
2022-11-01 10:00:00,6080.0,2655.6011212176513,3278.0147542132104,528.0,2514.7892353392626,-2514.7892353392626,-0.0,-0.0
2022-11-01 11:00:00,7040.0,2438.345788186639,4790.575318622791,528.0,2153.0791691272148,-2514.7892353392626,10851.301986361435,-0.0
2022-11-01 12:00:00,7040.0,1184.1476186253117,5709.46825680555,528.0,2514.7892353392635,-2514.7892353392626,10851.301986361435,-0.0
2022-11-01 13:00:00,7040.0,843.2093279084909,6050.406547522371,528.0,2514.789235339263,-2514.7892353392626,10851.301986361435,-0.0
2022-11-01 14:00:00,7040.0,1232.8558911137957,5660.759984317066,528.0,2514.7892353392635,-2514.7892353392626,10851.301986361435,-0.0
2022-11-01 15:00:00,7040.0,1911.6207731018137,4981.995102329048,528.0,2514.789235339263,-2514.7892353392626,10851.301986361435,-0.0
2022-11-01 16:00:00,6080.0,2209.9995904500793,3629.1905115852583,528.0,1892.5380823819946,-1892.5380823819953,10851.301986361435,-0.0
2022-11-01 17:00:00,6080.0,2189.3067103896856,1438.3358660494096,2117.0521921823365,361.7100662120478,0.0,-0.0,-0.0
2022-11-01 18:00:00,2720.0,2267.9396546191824,45.06692207339195,528.0,797.4145104109339,-797.4145104109339,-0.0,-0.0
2022-11-01 19:00:00,2720.0,2170.683118335331,65.90476438144341,528.0,293.82720872425705,-293.82720872425705,-0.0,-0.0
2022-11-01 20:00:00,2720.0,2536.947095404305,13.336905661743303,528.0,2361.035813978907,-2361.035813978907,-0.0,-0.0
2022-11-01 21:00:00,2720.0,2540.6475546693,32.96832076156206,528.0,2514.7892353392626,-2514.7892353392626,-0.0,-0.0
2022-11-01 22:00:00,2720.0,2569.8617289759754,3.754146454886498,528.0,2514.7892353392626,-2514.7892353392626,-0.0,-0.0
2022-11-01 23:00:00,2720.0,2758.7858038767718,4.529006206515391,528.0,2310.1517653797964,-2514.7892353392626,6139.124098783983,-0.0
2022-12-01 00:00:00,2080.0,1747.4758069676914,2.560454283404745,528.0,2712.825496590359,-2514.7892353392626,-0.0,-0.0
2022-12-01 01:00:00,2080.0,2254.811101381352,3.2937076416733575,528.0,2164.747235779216,-2514.7892353392626,10851.301986361435,-0.0
2022-12-01 02:00:00,2080.0,1747.6964948716366,2.339766379459738,528.0,2712.825496590359,-2514.7892353392626,4712.177887577465,-0.0
2022-12-01 03:00:00,2080.0,2116.4574902759305,0.7379993346973708,528.0,2316.752974088167,-2514.7892353392626,10851.301986361435,-0.0
2022-12-01 04:00:00,2080.0,1748.982654483875,1.0536067672212326,528.0,2712.825496590359,-2514.7892353392626,4712.177887577484,-0.0
2022-12-01 05:00:00,2080.0,1792.4431543266594,0.26340169180533196,528.0,2666.7949736482137,-2514.7892353392626,-0.0,-0.0
2022-12-01 06:00:00,2080.0,2258.1048090230256,-0.0,528.0,2164.7472357792158,-2514.7892353392626,10851.301986361435,-0.0
2022-12-01 07:00:00,2080.0,1792.7065560184644,-0.0,528.0,2666.7949736482137,-2514.7892353392626,6139.124098783983,-0.0
2022-12-01 08:00:00,2080.0,1750.0362612510962,-0.0,528.0,2712.825496590359,-2514.7892353392626,-0.0,-0.0
2022-12-01 09:00:00,2080.0,1780.2371883710061,477.8676206520189,528.0,2164.747235779216,-2514.7892353392626,10851.301986361435,-0.0
2022-12-01 10:00:00,6880.0,1768.2399767736679,2300.3890130291848,2640.0,184.866246167365,0.0,5120.44835517312,-0.0
2022-12-01 11:00:00,6880.0,1724.1841676128295,4349.708754003599,652.989154988556,165.1757533926813,0.0,-0.0,-0.0
2022-12-01 12:00:00,6880.0,1324.77179159876,5592.4236980118685,528.0,2316.7529740881664,-2514.7892353392626,6139.124098783983,-0.0
2022-12-01 13:00:00,6880.0,690.452058102187,5859.584203148908,528.0,2712.825496590359,-2514.7892353392626,-0.0,-0.0
2022-12-01 14:00:00,6880.0,1251.706390724862,5806.398418298162,528.0,2164.747235779216,-2514.7892353392626,10851.301986361435,-0.0
2022-12-01 15:00:00,6880.0,1728.1892411729052,4908.393234275566,528.0,1875.3542289507675,-1875.354228950767,10851.301986361435,-0.0
2022-12-01 16:00:00,6880.0,1944.4632134170236,3514.8250564857044,1096.2227965051097,350.0419995600463,0.0,-0.0,-0.0
2022-12-01 17:00:00,2080.0,1302.20108555576,955.9037234672651,528.0,2164.747235779216,-2514.7892353392626,10851.301986361435,-0.0
2022-12-01 18:00:00,2080.0,1890.3800301633562,43.23584526750575,528.0,2514.789235339263,-2514.7892353392626,10851.301986361435,-0.0
2022-12-01 19:00:00,4960.0,2855.6174483343725,18.430999461729535,2085.951552203898,-0.0,0.0,10851.301986361435,-0.0
2022-12-01 20:00:00,4960.0,3059.8761998982613,4.480201748904985,1895.6435983528336,-0.0,0.0,10851.301986361435,-0.0
2022-12-01 21:00:00,4960.0,3099.9269354990242,11.501873875498946,1524.082257033314,350.0419995600463,0.0,-0.0,-0.0
2022-12-01 22:00:00,4960.0,3097.924398718986,1.3953170701036355,1860.68028421091,-0.0,0.0,-0.0,-0.0
2022-12-01 23:00:00,2400.0,2574.6117703713367,3.493038651688583,528.0,2164.747235779216,-2514.7892353392626,10851.301986361435,-0.0
